{
  "navdata":
  {
    [
      "ABAPU":[[-17.82732,19.03378]],
      "UDBUP":[[52.42778,-55.53145]],
      "BESEN":[[50.42846,-105.83645]],
      "NADLU":[[50.49248,-105.76412]],
      "PENBU":[[50.21247,-105.23255]],
    ]
  }
}
